|URN|,|Unicode Symbol|,|Unicode Number|,|Unicode Name|,|Description|,|West Number|
|urn:cite2:zst:gvn:1.1|,|ùàÄ|,|0x1D200|,|[GREEK VOCAL NOTATION SYMBOL-1]|,|vocal E|,|1|
|urn:cite2:zst:gvn:1.2|,|ùàÅ|,|0x1D201|,|[GREEK VOCAL NOTATION SYMBOL-2]|,|vocal first sharp of E|,|2|
|urn:cite2:zst:gvn:1.3|,|ùàÇ|,|0x1D202|,|[GREEK VOCAL NOTATION SYMBOL-3]|,|vocal second sharp of E|,|3|
|urn:cite2:zst:gvn:2.1|,|ùàÉ|,|0x1D203|,|[GREEK VOCAL NOTATION SYMBOL-4]|,|vocal F|,|4|
|urn:cite2:zst:gvn:2.2|,|ùàÑ|,|0x1D204|,|[GREEK VOCAL NOTATION SYMBOL-5]|,|vocal first sharp of F|,|5|
|urn:cite2:zst:gvn:2.3|,|ùàÖ|,|0x1D205|,|[GREEK VOCAL NOTATION SYMBOL-6]|,|vocal second sharp of F|,|6|
|urn:cite2:zst:gvn:3.1|,|ùàÜ|,|0x1D206|,|[GREEK VOCAL NOTATION SYMBOL-7]|,|vocal G|,|7|
|urn:cite2:zst:gvn:3.2|,|ùàá|,|0x1D207|,|[GREEK VOCAL NOTATION SYMBOL-8]|,|vocal first sharp of G|,|8|
|urn:cite2:zst:gvn:3.3|,|ùàà|,|0x1D208|,|[GREEK VOCAL NOTATION SYMBOL-9]|,|vocal second sharp of G|,|9|
|urn:cite2:zst:gvn:4.1|,|ùàâ|,|0x1D209|,|[GREEK VOCAL NOTATION SYMBOL-10]|,|vocal A|,|10|
|urn:cite2:zst:gvn:4.2|,|ùàä|,|0x1D20A|,|[GREEK VOCAL NOTATION SYMBOL-11]|,|vocal first sharp of A|,|11|
|urn:cite2:zst:gvn:4.3|,|ùàã|,|0x1D20B|,|[GREEK VOCAL NOTATION SYMBOL-12]|,|vocal second sharp of A|,|12|
|urn:cite2:zst:gvn:5.1|,|ùàå|,|0x1D20C|,|[GREEK VOCAL NOTATION SYMBOL-13]|,|vocal B|,|13|
|urn:cite2:zst:gvn:5.2|,|ùàç|,|0x1D20D|,|[GREEK VOCAL NOTATION SYMBOL-14]|,|vocal first sharp of B|,|14|
|urn:cite2:zst:gvn:5.3|,|ùàé|,|0x1D20E|,|[GREEK VOCAL NOTATION SYMBOL-15]|,|vocal second sharp of B|,|15|
|urn:cite2:zst:gvn:6.1|,|ùàè|,|0x1D20F|,|[GREEK VOCAL NOTATION SYMBOL-16]|,|vocal c|,|16|
|urn:cite2:zst:gvn:6.2|,|ùàê|,|0x1D210|,|[GREEK VOCAL NOTATION SYMBOL-17]|,|vocal first sharp of c|,|17|
|urn:cite2:zst:gvn:6.3|,|ùàë|,|0x1D211|,|[GREEK VOCAL NOTATION SYMBOL-18]|,|vocal second sharp of c|,|18|
|urn:cite2:zst:gvn:7.1|,|ùàí|,|0x1D212|,|[GREEK VOCAL NOTATION SYMBOL-19]|,|vocal d|,|19|
|urn:cite2:zst:gvn:7.2|,|ùàì|,|0x1D213|,|[GREEK VOCAL NOTATION SYMBOL-20]|,|vocal first sharp of d|,|20|
|urn:cite2:zst:gvn:7.3|,|ùàî|,|0x1D214|,|[GREEK VOCAL NOTATION SYMBOL-21]|,|vocal second sharp of d|,|21|
|urn:cite2:zst:gvn:8.1|,|ùàï|,|0x1D215|,|[GREEK VOCAL NOTATION SYMBOL-22]|,|vocal e|,|22|
|urn:cite2:zst:gvn:8.2|,|ùàñ|,|0x1D216|,|[GREEK VOCAL NOTATION SYMBOL-23]|,|vocal first sharp of e|,|23|
|urn:cite2:zst:gvn:8.3|,|ùàó|,|0x1D217|,|[GREEK VOCAL NOTATION SYMBOL-24]|,|vocal second sharp of e|,|24|
|urn:cite2:zst:gvn:9.1|,|Œ©|,|0x03A9|,|[GREEK CAPITAL LETTER OMEGA]|,|vocal f|,|25|
|urn:cite2:zst:gvn:9.2|,|Œ®|,|0x03A8|,|[GREEK CAPITAL LETTER PSI]|,|vocal first sharp of f|,|26|
|urn:cite2:zst:gvn:9.3|,|Œß|,|0x03A7|,|[GREEK CAPITAL LETTER CHI]|,|vocal second sharp of f|,|27|
|urn:cite2:zst:gvn:10.1|,|Œ¶|,|0x03A6|,|[GREEK CAPITAL LETTER PHI]|,|vocal g|,|28|
|urn:cite2:zst:gvn:10.2|,|Œ•|,|0x03A5|,|[GREEK CAPITAL LETTER UPSILON]|,|vocal first sharp of g|,|29|
|urn:cite2:zst:gvn:10.3|,|Œ§|,|0x03A4|,|[GREEK CAPITAL LETTER TAU]|,|vocal second sharp of g|,|30|
|urn:cite2:zst:gvn:11.1|,|œπ|,|0x03F9|,|[GREEK CAPITAL LUNATE SIGMA SYMBOL]|,|vocal a|,|31|
|urn:cite2:zst:gvn:11.2|,|Œ°|,|0x03A1|,|[GREEK CAPITAL LETTER RHO]|,|vocal first sharp of a|,|32|
|urn:cite2:zst:gvn:11.3|,|Œ†|,|0x03A0|,|[GREEK CAPITAL LETTER PI]|,|vocal second sharp of a|,|33|
|urn:cite2:zst:gvn:12.1|,|Œü|,|0x039F|,|[GREEK CAPITAL LETTER OMICRON]|,|vocal b|,|34|
|urn:cite2:zst:gvn:12.2|,|Œû|,|0x039E|,|[GREEK CAPITAL LETTER XI]|,|vocal first sharp of b|,|35|
|urn:cite2:zst:gvn:12.3|,|Œù|,|0x039D|,|[GREEK CAPITAL LETTER NU]|,|vocal second sharp of b|,|36|
|urn:cite2:zst:gvn:13.1|,|Œú|,|0x039C|,|[GREEK CAPITAL LETTER MU]|,|vocal c‚Ä≤|,|37|
|urn:cite2:zst:gvn:13.2|,|Œõ|,|0x039B|,|[GREEK CAPITAL LETTER LAMDA]|,|vocal first sharp of c‚Ä≤|,|38|
|urn:cite2:zst:gvn:13.3|,|Œö|,|0x039A|,|[GREEK CAPITAL LETTER KAPPA]|,|vocal second sharp of c‚Ä≤|,|39|
|urn:cite2:zst:gvn:14.1|,|Œô|,|0x0399|,|[GREEK CAPITAL LETTER IOTA]|,|vocal d‚Ä≤|,|40|
|urn:cite2:zst:gvn:14.2|,|Œò|,|0x0398|,|[GREEK CAPITAL LETTER THETA]|,|vocal first sharp of d‚Ä≤|,|41|
|urn:cite2:zst:gvn:14.3|,|Œó|,|0x0397|,|[GREEK CAPITAL LETTER ETA]|,|vocal second sharp of d‚Ä≤|,|42|
|urn:cite2:zst:gvn:15.1|,|Œñ|,|0x0396|,|[GREEK CAPITAL LETTER ZETA]|,|vocal e‚Ä≤|,|43|
|urn:cite2:zst:gvn:15.2|,|Œï|,|0x0395|,|[GREEK CAPITAL LETTER EPSILON]|,|vocal first sharp of e‚Ä≤|,|44|
|urn:cite2:zst:gvn:15.3|,|Œî|,|0x0394|,|[GREEK CAPITAL LETTER DELTA]|,|vocal second sharp of e‚Ä≤|,|45|
|urn:cite2:zst:gvn:16.1|,|Œì|,|0x0393|,|[GREEK CAPITAL LETTER GAMMA]|,|vocal f‚Ä≤|,|46|
|urn:cite2:zst:gvn:16.2|,|Œí|,|0x0392|,|[GREEK CAPITAL LETTER BETA]|,|vocal first sharp of f‚Ä≤|,|47|
|urn:cite2:zst:gvn:16.3|,|Œë|,|0x0391|,|[GREEK CAPITAL LETTER ALPHA]|,|vocal second sharp of f‚Ä≤|,|48|
|urn:cite2:zst:gvn:17.1|,|∆±|,|0x01B1|,|[LATIN CAPITAL LETTER UPSILON]|,|vocal g‚Ä≤|,|49|
|urn:cite2:zst:gvn:17.2|,|ùàò|,|0x1D218|,|[GREEK VOCAL NOTATION SYMBOL-50]|,|vocal first sharp of g‚Ä≤|,|50|
|urn:cite2:zst:gvn:17.3|,|ùàô|,|0x1D219|,|[GREEK VOCAL NOTATION SYMBOL-51]|,|vocal second sharp of g‚Ä≤|,|51|
|urn:cite2:zst:gvn:18.1|,|ùàö|,|0x1D21A|,|[GREEK VOCAL NOTATION SYMBOL-52]|,|vocal a‚Ä≤|,|52|
|urn:cite2:zst:gvn:18.2|,|ùàõ|,|0x1D21B|,|[GREEK VOCAL NOTATION SYMBOL-53]|,|vocal first sharp of a‚Ä≤|,|53|
|urn:cite2:zst:gvn:18.3|,|ùàú|,|0x1D21C|,|[GREEK VOCAL NOTATION SYMBOL-54]|,|vocal second sharp of a‚Ä≤|,|54|
|urn:cite2:zst:gvn:19.1|,|Œü‚Ä≤|,|0x039F 0x2032|,|[GREEK CAPITAL LETTER OMICRON][PRIME]|,|vocal b‚Ä≤|,|55|
|urn:cite2:zst:gvn:19.2|,|Œû‚Ä≤|,|0x039E 0x2032|,|[GREEK CAPITAL LETTER XI][PRIME]|,|vocal first sharp of b‚Ä≤|,|56|
|urn:cite2:zst:gvn:19.3|,|Œù‚Ä≤|,|0x039D 0x2032|,|[GREEK CAPITAL LETTER NU][PRIME]|,|vocal second sharp of b‚Ä≤|,|57|
|urn:cite2:zst:gvn:20.1|,|Œú‚Ä≤|,|0x039C 0x2032|,|[GREEK CAPITAL LETTER MU][PRIME]|,|vocal c‚Ä≤‚Ä≤|,|58|
|urn:cite2:zst:gvn:20.2|,|Œõ‚Ä≤|,|0x039B 0x2032|,|[GREEK CAPITAL LETTER LAMDA][PRIME]|,|vocal first sharp of c‚Ä≤‚Ä≤|,|59|
|urn:cite2:zst:gvn:20.3|,|Œö‚Ä≤|,|0x039A 0x2032|,|[GREEK CAPITAL LETTER KAPPA][PRIME]|,|vocal second sharp of c‚Ä≤‚Ä≤|,|60|
|urn:cite2:zst:gvn:21.1|,|Œô‚Ä≤|,|0x0399 0x2032|,|[GREEK CAPITAL LETTER IOTA][PRIME]|,|vocal d‚Ä≤‚Ä≤|,|61|
|urn:cite2:zst:gvn:21.2|,|Œò‚Ä≤|,|0x0398 0x2032|,|[GREEK CAPITAL LETTER THETA][PRIME]|,|vocal first sharp of d‚Ä≤‚Ä≤|,|62|
|urn:cite2:zst:gvn:21.3|,|Œó‚Ä≤|,|0x0397 0x2032|,|[GREEK CAPITAL LETTER ETA][PRIME]|,|vocal second sharp of d‚Ä≤‚Ä≤|,|63|
|urn:cite2:zst:gvn:22.1|,|Œñ‚Ä≤|,|0x0396 0x2032|,|[GREEK CAPITAL LETTER ZETA][PRIME]|,|vocal e‚Ä≤‚Ä≤|,|64|
|urn:cite2:zst:gvn:22.2|,|Œï‚Ä≤|,|0x0395 0x2032|,|[GREEK CAPITAL LETTER EPSILON][PRIME]|,|vocal first sharp of e‚Ä≤‚Ä≤|,|65|
|urn:cite2:zst:gvn:22.3|,|Œî‚Ä≤|,|0x0394 0x2032|,|[GREEK CAPITAL LETTER DELTA][PRIME]|,|vocal second sharp of e‚Ä≤‚Ä≤|,|66|
|urn:cite2:zst:gvn:23.1|,|Œì‚Ä≤|,|0x0393 0x2032|,|[GREEK CAPITAL LETTER GAMMA][PRIME]|,|vocal f‚Ä≤‚Ä≤|,|67|
|urn:cite2:zst:gvn:23.2|,|Œí‚Ä≤|,|0x0392 0x2032|,|[GREEK CAPITAL LETTER BETA][PRIME]|,|vocal first sharp of f‚Ä≤‚Ä≤|,|68|
|urn:cite2:zst:gvn:23.3|,|Œë‚Ä≤|,|0x0391 0x2032|,|[GREEK CAPITAL LETTER ALPHA][PRIME]|,|vocal second sharp of f‚Ä≤‚Ä≤|,|69|
|urn:cite2:zst:gvn:24.1|,|∆±‚Ä≤|,|0x01B1 0x2032|,|[LATIN CAPITAL LETTER UPSILON][PRIME]|,|vocal g‚Ä≤‚Ä≤|,|70|
|urn:cite2:zst:gin:1.1|,|ùàù|,|0x1D21D|,|[GREEK INSTRUMENTAL NOTATION SYMBOL-1]|,|instrumental E|,|1|
|urn:cite2:zst:gin:1.2|,|ùàû|,|0x1D21E|,|[GREEK INSTRUMENTAL NOTATION SYMBOL-2]|,|instrumental first sharp of E|,|2|
|urn:cite2:zst:gin:1.3|,|ùàÇ|,|0x1D202|,|[GREEK VOCAL NOTATION SYMBOL-3]|,|instrumental second sharp of E|,|3|
|urn:cite2:zst:gin:2.1|,|ùàü|,|0x1D21F|,|[GREEK INSTRUMENTAL NOTATION SYMBOL-4]|,|instrumental F|,|4|
|urn:cite2:zst:gin:2.2|,|ùà†|,|0x1D220|,|[GREEK INSTRUMENTAL NOTATION SYMBOL-5]|,|instrumental first sharp of F|,|5|
|urn:cite2:zst:gin:2.3|,|Œ§|,|0x03A4|,|[GREEK CAPITAL LETTER TAU]|,|instrumental second sharp of F|,|6|
|urn:cite2:zst:gin:3.1|,|ùà°|,|0x1D221|,|[GREEK INSTRUMENTAL NOTATION SYMBOL-7]|,|instrumental G|,|7|
|urn:cite2:zst:gin:3.2|,|ùà¢|,|0x1D222|,|[GREEK INSTRUMENTAL NOTATION SYMBOL-8]|,|instrumental first sharp of G|,|8|
|urn:cite2:zst:gin:3.3|,|ùàÜ|,|0x1D206|,|[GREEK VOCAL NOTATION SYMBOL-7]|,|instrumental second sharp of G|,|9|
|urn:cite2:zst:gin:4.1|,|Œó|,|0x0397|,|[GREEK CAPITAL LETTER ETA]|,|instrumental A|,|10|
|urn:cite2:zst:gin:4.2|,|ùà£|,|0x1D223|,|[GREEK INSTRUMENTAL NOTATION SYMBOL-11]|,|instrumental first sharp of A|,|11|
|urn:cite2:zst:gin:4.3|,|ùà§|,|0x1D224|,|[GREEK INSTRUMENTAL NOTATION SYMBOL-12]|,|instrumental second sharp of A|,|12|
|urn:cite2:zst:gin:5.1|,|ùà•|,|0x1D225|,|[GREEK INSTRUMENTAL NOTATION SYMBOL-13]|,|instrumental B|,|13|
|urn:cite2:zst:gin:5.2|,|ùà¶|,|0x1D226|,|[GREEK INSTRUMENTAL NOTATION SYMBOL-14]|,|instrumental first sharp of B|,|14|
|urn:cite2:zst:gin:5.3|,|ùàë|,|0x1D211|,|[GREEK VOCAL NOTATION SYMBOL-18]|,|instrumental second sharp of B|,|15|
|urn:cite2:zst:gin:6.1|,|Œï|,|0x0395|,|[GREEK CAPITAL LETTER EPSILON]|,|instrumental c|,|16|
|urn:cite2:zst:gin:6.2|,|ùàß|,|0x1D227|,|[GREEK INSTRUMENTAL NOTATION SYMBOL-17]|,|instrumental first sharp of c|,|17|
|urn:cite2:zst:gin:6.3|,|ùà®|,|0x1D228|,|[GREEK INSTRUMENTAL NOTATION SYMBOL-18]|,|instrumental second sharp of c|,|18|
|urn:cite2:zst:gin:7.1|,|ùà©|,|0x1D229|,|[GREEK INSTRUMENTAL NOTATION SYMBOL-19]|,|instrumental d|,|19|
|urn:cite2:zst:gin:7.2|,|ùàú|,|0x1D21C|,|[GREEK VOCAL NOTATION SYMBOL-54]|,|instrumental first sharp of d|,|20|
|urn:cite2:zst:gin:7.3|,|ùàÖ|,|0x1D205|,|[GREEK VOCAL NOTATION SYMBOL-6]|,|instrumental second sharp of d|,|21|
|urn:cite2:zst:gin:8.1|,|Œì|,|0x0393|,|[GREEK CAPITAL LETTER GAMMA]|,|instrumental e|,|22|
|urn:cite2:zst:gin:8.2|,|ùà™|,|0x1D22A|,|[GREEK INSTRUMENTAL NOTATION SYMBOL-23]|,|instrumental first sharp of e|,|23|
|urn:cite2:zst:gin:8.3|,|ùà´|,|0x1D22B|,|[GREEK INSTRUMENTAL NOTATION SYMBOL-24]|,|instrumental second sharp of e|,|24|
|urn:cite2:zst:gin:9.1|,|ùà¨|,|0x1D22C|,|[GREEK INSTRUMENTAL NOTATION SYMBOL-25]|,|instrumental f|,|25|
|urn:cite2:zst:gin:9.2|,|ùà≠|,|0x1D22D|,|[GREEK INSTRUMENTAL NOTATION SYMBOL-26]|,|instrumental first sharp of f|,|26|
|urn:cite2:zst:gin:9.3|,|ùàÆ|,|0x1D22E|,|[GREEK INSTRUMENTAL NOTATION SYMBOL-27]|,|instrumental second sharp of f|,|27|
|urn:cite2:zst:gin:10.1|,|ùàì|,|0x1D213|,|[GREEK VOCAL NOTATION SYMBOL-20]|,|instrumental g|,|28|
|urn:cite2:zst:gin:10.2|,|ùàØ|,|0x1D22F|,|[GREEK INSTRUMENTAL NOTATION SYMBOL-29]|,|instrumental first sharp of g|,|29|
|urn:cite2:zst:gin:10.3|,|ùà∞|,|0x1D230|,|[GREEK INSTRUMENTAL NOTATION SYMBOL-30]|,|instrumental second sharp of g|,|30|
|urn:cite2:zst:gin:11.1|,|œπ|,|0x03F9|,|[GREEK CAPITAL LUNATE SIGMA SYMBOL]|,|instrumental a|,|31|
|urn:cite2:zst:gin:11.2|,|ùà±|,|0x1D231|,|[GREEK INSTRUMENTAL NOTATION SYMBOL-32]|,|instrumental first sharp of a|,|32|
|urn:cite2:zst:gin:11.3|,|œΩ|,|0x03FD|,|[GREEK CAPITAL REVERSED LUNATE SIGMA SYMBOL]|,|instrumental second sharp of a|,|33|
|urn:cite2:zst:gin:12.1|,|Œö|,|0x039A|,|[GREEK CAPITAL LETTER KAPPA]|,|instrumental b|,|34|
|urn:cite2:zst:gin:12.2|,|ùàé|,|0x1D20E|,|[GREEK VOCAL NOTATION SYMBOL-15]|,|instrumental first sharp of b|,|35|
|urn:cite2:zst:gin:12.3|,|ùà≤|,|0x1D232|,|[GREEK INSTRUMENTAL NOTATION SYMBOL-36]|,|instrumental second sharp of b|,|36|
|urn:cite2:zst:gin:13.1|,|ùà≥|,|0x1D233|,|[GREEK INSTRUMENTAL NOTATION SYMBOL-37]|,|instrumental c‚Ä≤|,|37|
|urn:cite2:zst:gin:13.2|,|ùà¥|,|0x1D234|,|[GREEK INSTRUMENTAL NOTATION SYMBOL-38]|,|instrumental first sharp of c‚Ä≤|,|38|
|urn:cite2:zst:gin:13.3|,|ùàµ|,|0x1D235|,|[GREEK INSTRUMENTAL NOTATION SYMBOL-39]|,|instrumental second sharp c‚Ä≤|,|39|
|urn:cite2:zst:gin:14.1|,|ùà∂|,|0x1D236|,|[GREEK INSTRUMENTAL NOTATION SYMBOL-40]|,|instrumental d‚Ä≤|,|40|
|urn:cite2:zst:gin:14.2|,|ùàç|,|0x1D20D|,|[GREEK VOCAL NOTATION SYMBOL-14]|,|instrumental first sharp of d‚Ä≤|,|41|
|urn:cite2:zst:gin:14.3|,|ùà∑|,|0x1D237|,|[GREEK INSTRUMENTAL NOTATION SYMBOL-42]|,|instrumental second sharp of d‚Ä≤|,|42|
|urn:cite2:zst:gin:15.1|,|ùà∏|,|0x1D238|,|[GREEK INSTRUMENTAL NOTATION SYMBOL-43]|,|instrumental e‚Ä≤|,|43|
|urn:cite2:zst:gin:15.2|,|ùàà|,|0x1D208|,|[GREEK VOCAL NOTATION SYMBOL-9]|,|instrumental first sharp of e‚Ä≤|,|44|
|urn:cite2:zst:gin:15.3|,|ùàπ|,|0x1D239|,|[GREEK INSTRUMENTAL NOTATION SYMBOL-45]|,|instrumental second sharp of e‚Ä≤|,|45|
|urn:cite2:zst:gin:16.1|,|Œù|,|0x039D|,|[GREEK CAPITAL LETTER NU]|,|instrumental f‚Ä≤|,|46|
|urn:cite2:zst:gin:16.2|,|ùà∫|,|0x1D23A|,|[GREEK INSTRUMENTAL NOTATION SYMBOL-47]|,|instrumental first sharp of f‚Ä≤|,|47|
|urn:cite2:zst:gin:16.3|,|ùàª|,|0x1D23B|,|[GREEK INSTRUMENTAL NOTATION SYMBOL-48]|,|instrumental second sharp of f‚Ä≤|,|48|
|urn:cite2:zst:gin:17.1|,|ùàº|,|0x1D23C|,|[GREEK INSTRUMENTAL NOTATION SYMBOL-49]|,|instrumental g‚Ä≤|,|49|
|urn:cite2:zst:gin:17.2|,|ùàΩ|,|[1D23D|,|]GREEK INSTRUMENTAL NOTATION SYMBOL-50]|,|instrumental first sharp of g‚Ä≤|,|50|
|urn:cite2:zst:gin:17.3|,|ùàæ|,|0x1D23E|,|[GREEK INSTRUMENTAL NOTATION SYMBOL-51]|,|instrumental second sharp of g‚Ä≤|,|51|
|urn:cite2:zst:gin:18.1|,|ùàø|,|0x1D23F|,|[GREEK INSTRUMENTAL NOTATION SYMBOL-52]|,|instrumental a‚Ä≤|,|52|
|urn:cite2:zst:gin:18.2|,|ùâÄ|,|0x1D240|,|[GREEK INSTRUMENTAL NOTATION SYMBOL-53]|,|instrumental first sharp of a‚Ä≤|,|53|
|urn:cite2:zst:gin:18.3|,|ùâÅ|,|0x1D241|,|[GREEK INSTRUMENTAL NOTATION SYMBOL-54]|,|instrumental second sharp of a‚Ä≤|,|54|
|urn:cite2:zst:gin:19.1|,|Œö‚Ä≤|,|0x039A 0x2032|,|[GREEK CAPITAL LETTER KAPPA][PRIME]|,|instrumental b‚Ä≤|,|55|
|urn:cite2:zst:gin:19.2|,|ùàé‚Ä≤|,|0x1D20E 0x2032|,|[GREEK VOCAL NOTATION SYMBOL-15][PRIME]|,|instrumental first sharp of b‚Ä≤|,|56|
|urn:cite2:zst:gin:19.3|,|ùà≤‚Ä≤|,|0x1D232 0x2032|,|[GREEK INSTRUMENTAL NOTATION SYMBOL-36][PRIME]|,|instrumental second sharp of b‚Ä≤|,|57|
|urn:cite2:zst:gin:20.1|,|ùà≥‚Ä≤|,|0x1D233 0x2032|,|[GREEK INSTRUMENTAL NOTATION SYMBOL-37][PRIME]|,|instrumental c‚Ä≤‚Ä≤|,|58|
|urn:cite2:zst:gin:20.2|,|ùà¥‚Ä≤|,|0x1D234 0x2032|,|[GREEK INSTRUMENTAL NOTATION SYMBOL-38][PRIME]|,|instrumental first sharp of c‚Ä≤‚Ä≤|,|59|
|urn:cite2:zst:gin:20.3|,|ùàµ‚Ä≤|,|0x1D235 0x2032|,|[GREEK INSTRUMENTAL NOTATION SYMBOL-39][PRIME]|,|instrumental second sharp of c‚Ä≤‚Ä≤|,|60|
|urn:cite2:zst:gin:21.1|,|ùà∂‚Ä≤|,|0x1D236 0x2032|,|[GREEK INSTRUMENTAL NOTATION SYMBOL-40][PRIME]|,|instrumental d‚Ä≤‚Ä≤|,|61|
|urn:cite2:zst:gin:21.2|,|ùàç‚Ä≤|,|0x1D20D 0x2032|,|[GREEK VOCAL NOTATION SYMBOL-14][PRIME]|,|instrumental first sharp of d‚Ä≤‚Ä≤|,|62|
|urn:cite2:zst:gin:21.3|,|ùà∑‚Ä≤|,|0x1D237 0x2032|,|[GREEK INSTRUMENTAL NOTATION SYMBOL-42][PRIME]|,|instrumental second sharp of d‚Ä≤‚Ä≤|,|63|
|urn:cite2:zst:gin:22.1|,|ùà∏‚Ä≤|,|0x1D238 0x2032|,|[GREEK INSTRUMENTAL NOTATION SYMBOL-43][PRIME]|,|instrumental e‚Ä≤‚Ä≤|,|64|
|urn:cite2:zst:gin:22.2|,|ùàà‚Ä≤|,|0x1D208 0x2032|,|[GREEK VOCAL NOTATION SYMBOL-9][PRIME]|,|instrumental first sharp of e‚Ä≤‚Ä≤|,|65|
|urn:cite2:zst:gin:22.3|,|ùàπ‚Ä≤|,|0x1D239 0x2032|,|[GREEK INSTRUMENTAL NOTATION SYMBOL-45][PRIME]|,|instrumental second sharp of e‚Ä≤‚Ä≤|,|66|
|urn:cite2:zst:gin:23.1|,|Œù‚Ä≤|,|0x039D 0x2032|,|[GREEK CAPITAL LETTER NU][PRIME]|,|instrumental f‚Ä≤‚Ä≤|,|67|
|urn:cite2:zst:gin:23.2|,|ùà∫‚Ä≤|,|0x1D23A 0x2032|,|[GREEK INSTRUMENTAL NOTATION SYMBOL-47][PRIME]|,|instrumental first sharp of f‚Ä≤‚Ä≤|,|68|
|urn:cite2:zst:gin:23.3|,|ùàª‚Ä≤|,|0x1D23B 0x2032|,|[GREEK INSTRUMENTAL NOTATION SYMBOL-48][PRIME]|,|instrumental second sharp of f‚Ä≤‚Ä≤|,|69|
|urn:cite2:zst:gin:24.1|,|ùàº‚Ä≤|,|0x1D23B 0x2032|,|[GREEK INSTRUMENTAL NOTATION SYMBOL-49][PRIME]|,|instrumental g‚Ä≤‚Ä≤|,|70|
|urn:cite2:zst:gcn:1|,|ùâÖ|,|0x1D245|,|[GREEK MUSICAL LEIMMA]|,|rest|,|n/a|
